INSERT INTO workshop (idWorkshop, titleWorkshop, dateWorkshop, nbSeat, price, minAge, maxAge, description, nameAnimator) VALUES (4, 'Club lecture', '2018-06-09 14:30:11', 20, 0, 10, 14, null, 'Laura');
INSERT INTO workshop (idWorkshop, titleWorkshop, dateWorkshop, nbSeat, price, minAge, maxAge, description, nameAnimator) VALUES (5, 'Club lecture', '2018-06-09 16:00:57', 20, 0, 15, 99, 'Récapitulatif et retour des lectures du mois, puis choix des lectures pour le mois suivant (choix entre deux livres).', 'Laura');
INSERT INTO workshop (idWorkshop, titleWorkshop, dateWorkshop, nbSeat, price, minAge, maxAge, description, nameAnimator) VALUES (6, 'Lecture de conte animée', '2018-06-13 10:30:47', 12, 3, 5, 99, null, 'Loreline');
INSERT INTO workshop (idWorkshop, titleWorkshop, dateWorkshop, nbSeat, price, minAge, maxAge, description, nameAnimator) VALUES (7, 'Réécriture de conte', '2018-06-13 14:00:03', 8, 7, 6, 10, 'Sur la base du petit chaperon rouge les enfants useront de leur imagination pour réécrire ce classique de la littérature jeunesse.', 'Loreline');
INSERT INTO workshop (idWorkshop, titleWorkshop, dateWorkshop, nbSeat, price, minAge, maxAge, description, nameAnimator) VALUES (8, 'Réécriture de roman', '2018-06-13 16:00:45', 12, 7, 11, 15, 'Sur la base d’un roman de Roal Dahl les enfants useront de leur imagination afin de le réécrire', 'Laura');
INSERT INTO workshop (idWorkshop, titleWorkshop, dateWorkshop, nbSeat, price, minAge, maxAge, description, nameAnimator) VALUES (9, 'Création des dessins des contes réalisés précédemment', '2018-06-16 10:00:20', 12, 7, 6, 15, 'Création des dessins des contes réalisés le mercredi (mise en ligne sur le blog) et production d’un livre après réécriture et réalisation des dessins (écrit et relié) ', 'Loreline');
INSERT INTO workshop (idWorkshop, titleWorkshop, dateWorkshop, nbSeat, price, minAge, maxAge, description, nameAnimator) VALUES (10, 'Lecture des réécritures précédentes ', '2018-06-16 15:00:34', 20, 0, null, null, 'Lecture et mise en ligne sur le blog collaboratif des réécritures du mercredi 13 juin', 'Loreline');
INSERT INTO workshop (idWorkshop, titleWorkshop, dateWorkshop, nbSeat, price, minAge, maxAge, description, nameAnimator) VALUES (11, 'Création d''un carnet d''aventurier', '2018-06-20 10:00:28', 8, 12, 6, 9, 'Découverte et création d''un environnement', 'Loreline');
INSERT INTO workshop (idWorkshop, titleWorkshop, dateWorkshop, nbSeat, price, minAge, maxAge, description, nameAnimator) VALUES (12, 'Création d''un carnet d''aventurier', '2018-06-20 15:00:20', 12, 12, 10, 13, 'Découverte et création d''un environnement', 'Loreline');
INSERT INTO workshop (idWorkshop, titleWorkshop, dateWorkshop, nbSeat, price, minAge, maxAge, description, nameAnimator) VALUES (13, 'Atelier Origami', '2018-06-23 14:00:30', 8, 5, 5, 99, 'Découverte et initiation à l’art de l’origami ', 'Laura');
INSERT INTO workshop (idWorkshop, titleWorkshop, dateWorkshop, nbSeat, price, minAge, maxAge, description, nameAnimator) VALUES (14, 'Atelier Origami', '2018-06-23 16:00:57', 12, 5, 10, 99, 'Découverte et initiation à l’art de l’origami ', 'Loreline');
INSERT INTO workshop (idWorkshop, titleWorkshop, dateWorkshop, nbSeat, price, minAge, maxAge, description, nameAnimator) VALUES (15, 'Atelier portait familial ', '2018-06-30 14:00:12', 8, 9, 5, 99, 'Appui sur le livre un air de famille', 'Laura');
INSERT INTO workshop (idWorkshop, titleWorkshop, dateWorkshop, nbSeat, price, minAge, maxAge, description, nameAnimator) VALUES (16, 'Atelier autoportrait', '2018-06-30 16:00:39', 12, 9, 10, 99, null, 'Laura');
INSERT INTO workshop (idWorkshop, titleWorkshop, dateWorkshop, nbSeat, price, minAge, maxAge, description, nameAnimator) VALUES (17, 'Création d''un carnet d''aventurier ', '2018-07-04 10:00:15', 8, 12, 6, 9, 'Codex d''animaux imaginaires', 'Laura');
INSERT INTO workshop (idWorkshop, titleWorkshop, dateWorkshop, nbSeat, price, minAge, maxAge, description, nameAnimator) VALUES (18, 'Création d''un carnet d''aventurier', '2018-07-04 15:00:04', 12, 9, 10, 13, 'Codex d''animaux imaginaires', 'Laura');
INSERT INTO workshop (idWorkshop, titleWorkshop, dateWorkshop, nbSeat, price, minAge, maxAge, description, nameAnimator) VALUES (19, 'Lecture de conte animée', '2018-07-07 10:30:43', 12, 3, 5, 99, null, 'Loreline');
INSERT INTO workshop (idWorkshop, titleWorkshop, dateWorkshop, nbSeat, price, minAge, maxAge, description, nameAnimator) VALUES (20, 'Club lecture', '2018-07-07 14:00:14', 12, 0, 10, 14, null, 'Laura');
INSERT INTO workshop (idWorkshop, titleWorkshop, dateWorkshop, nbSeat, price, minAge, maxAge, description, nameAnimator) VALUES (21, 'Club lecture', '2018-07-07 16:00:40', 12, 0, 15, 99, null, 'Laura');


INSERT INTO category (idCategory, nameCategory) VALUES (1, '3 à 6 ans');
INSERT INTO category (idCategory, nameCategory) VALUES (2, '6 à 9 ans');
INSERT INTO category (idCategory, nameCategory) VALUES (3, '9 à 13 ans');
INSERT INTO category (idCategory, nameCategory) VALUES (4, 'A partir de 13 ans');
INSERT INTO category (idCategory, nameCategory) VALUES (5, 'A partir de 15 ans');
INSERT INTO category (idCategory, nameCategory) VALUES (6, 'Comics');


INSERT INTO author (idAuthor, nameAuthor, fNameAuthor) VALUES (1, 'Boutignon', 'Béatrice');
INSERT INTO author (idAuthor, nameAuthor, fNameAuthor) VALUES (2, 'Demasse Pottier', 'Stéphanie');
INSERT INTO author (idAuthor, nameAuthor, fNameAuthor) VALUES (3, 'Perrotin', 'Elodie');
INSERT INTO author (idAuthor, nameAuthor, fNameAuthor) VALUES (4, 'Grenier', 'Delphine');
INSERT INTO author (idAuthor, nameAuthor, fNameAuthor) VALUES (5, 'Tomi', 'Ungerer');
INSERT INTO author (idAuthor, nameAuthor, fNameAuthor) VALUES (6, 'Chien Chow Chine', 'Aurélie');
INSERT INTO author (idAuthor, nameAuthor, fNameAuthor) VALUES (7, 'Vincent', 'Gabrielle');
INSERT INTO author (idAuthor, nameAuthor, fNameAuthor) VALUES (8, 'Cauuet', 'Paul');
INSERT INTO author (idAuthor, nameAuthor, fNameAuthor) VALUES (9, 'de Saint-Mars', 'Dominique');
INSERT INTO author (idAuthor, nameAuthor, fNameAuthor) VALUES (10, 'Bloch', 'Serge');
INSERT INTO author (idAuthor, nameAuthor, fNameAuthor) VALUES (11, 'Passegand-Reberg', 'Evelyne');
INSERT INTO author (idAuthor, nameAuthor, fNameAuthor) VALUES (12, 'Dieuaide', 'Sophie');
INSERT INTO author (idAuthor, nameAuthor, fNameAuthor) VALUES (13, 'Pef', ' ');
INSERT INTO author (idAuthor, nameAuthor, fNameAuthor) VALUES (14, 'Black', 'Holly');
INSERT INTO author (idAuthor, nameAuthor, fNameAuthor) VALUES (15, 'Di Terlizzi', 'Tony');
INSERT INTO author (idAuthor, nameAuthor, fNameAuthor) VALUES (16, 'Rowling', 'J.K.');
INSERT INTO author (idAuthor, nameAuthor, fNameAuthor) VALUES (17, 'Joffre', 'Véronique');


INSERT INTO publisher (idPublisher, namePublisher) VALUES (1, 'Le Baron perché');
INSERT INTO publisher (idPublisher, namePublisher) VALUES (2, 'L''étagère du bas');
INSERT INTO publisher (idPublisher, namePublisher) VALUES (3, 'Didier Jeunesse');
INSERT INTO publisher (idPublisher, namePublisher) VALUES (4, 'Ecole Des Loisirs');
INSERT INTO publisher (idPublisher, namePublisher) VALUES (5, 'Gallimard Jeunesse');
INSERT INTO publisher (idPublisher, namePublisher) VALUES (6, 'Pocket Jeunesse');
INSERT INTO publisher (idPublisher, namePublisher) VALUES (7, 'Bayard Jeunesse');
INSERT INTO publisher (idPublisher, namePublisher) VALUES (8, 'Calligram');
INSERT INTO publisher (idPublisher, namePublisher) VALUES (9, 'Dargaud');
INSERT INTO publisher (idPublisher, namePublisher) VALUES (10, 'Casterman');
INSERT INTO publisher (idPublisher, namePublisher) VALUES (11, 'Hachette Enfants');
INSERT INTO publisher (idPublisher, namePublisher) VALUES (12, 'Thierry Magnier Eds');

INSERT INTO book (idBook, titleBook, ISBN, summary, price, nbStock, personnalizedWord, trends, idCategory, idPublisher) VALUES (1, 'Un air de familles', '2360800701', 'Maman et moi, on vit toutes les deux dans la savane. Mes parents m''ont adopté quand j''étais tout petit. Papa et maman sont nés dans deux pays différents. Avec mes deux papas, on va souvent au musée. Nous, on n''a pas d''enfant. Les animaux de ce livre à jouer s''alignent par familles, toutes semblables et toutes différentes. Au lecteur de les distinguer grâce aux indices du texte. Des familles monoparentales aux « tribus », en passant par les familles homoparentales et recomposées, personne n''est laissé de côté ! Un album sensible et tendre pour s''amuser, mais aussi pour apprendre de nos différences.', 16, 8, 'J''ai beaucoup aimé', 1, 1, 1);
INSERT INTO book (idBook, titleBook, ISBN, summary, price, nbStock, personnalizedWord, trends, idCategory, idPublisher) VALUES (2, 'La disparition de chou', '2955789666', 'Lola a trois ans et vit avec ses parents. Il y a aussi Chou, son doudou koala. Ces deux-là forment un duo inséparable. Mais, un jour, c''est la catastrophe : Chou est introuvable... Il a disparu ! Lola et ses parents le cherchent partout et mettent des avis de recherche dans toute la ville. Aucune réponse et le temps passe...', 14, 2, 'Livre moyen', 0, 1, 2);
INSERT INTO book (idBook, titleBook, ISBN, summary, price, nbStock, personnalizedWord, trends, idCategory, idPublisher) VALUES (3, 'Un arbre merveilleux', '2278089706', '«  Dans mon jardin se trouve un arbre merveilleux… ». Cet arbre majestueux révèle bien des secrets. Au gré du temps qui passe, il accueille le chat qui vient s''y abriter, les oiseaux qui viennent y nicher, un couple de loirs... Quand revient le printemps, dans son feuillage renaissant, on entend bientôt le murmure de nouveaux occupants... Et si tout recommençait ?', 13.5, 0, 'J''ai beaucoup aimé', 1, 1, 3);
INSERT INTO book (idBook, titleBook, ISBN, summary, price, nbStock, personnalizedWord, trends, idCategory, idPublisher) VALUES (4, 'Imagier mouvementé', '1035200783', 'Et hop ! Le lièvre bondit, le chat s''étire, le panda roule... Des actions à regarder mais aussi à mimer ! Alors 1, 2, 3, prêts... partez !', 11.9, 10, null, 0, 1, 12);
INSERT INTO book (idBook, titleBook, ISBN, summary, price, nbStock, personnalizedWord, trends, idCategory, idPublisher) VALUES (5, 'Les émotions de Gaston - Je suis triste', '2017023280', 'Gaston est une petite licorne différente des autres.
Il a une particularité : sa crinière porte les couleurs de l''arc-en-ciel lorsqu''il va bien, mais dès qu''une émotion forte le submerge, sa crinière et sa queue changent de couleur selon son humeur : la tristesse, la colère ou encore la joie par exemple.', 6, 4, null, 0, 1, 11);
INSERT INTO book (idBook, titleBook, ISBN, summary, price, nbStock, personnalizedWord, trends, idCategory, idPublisher) VALUES (6, 'Les émotions de Gaston - J''ai peur', '2017023442', 'Gaston est une petite licorne différente des autres.
Il a une particularité : sa crinière porte les couleurs de l''arc-en-ciel lorsqu''il va bien, mais dès qu''une émotion forte le submerge, sa crinière et sa queue changent de couleur selon son humeur : la tristesse, la colère ou encore la joie par exemple. ', 6, 4, null, 0, 1, 11);
INSERT INTO book (idBook, titleBook, ISBN, summary, price, nbStock, personnalizedWord, trends, idCategory, idPublisher) VALUES (7, 'Les émotions de Gaston - Je suis en colère', '2017023434', 'Gaston est une petite licorne différente des autres.
Il a une particularité : sa crinière porte les couleurs de l''arc-en-ciel lorsqu''il va bien, mais dès qu''une émotion forte le submerge, sa crinière et sa queue changent de couleur selon son humeur : la tristesse, la colère ou encore la joie par exemple. ', 6, 4, null, 0, 1, 11);
INSERT INTO book (idBook, titleBook, ISBN, summary, price, nbStock, personnalizedWord, trends, idCategory, idPublisher) VALUES (8, 'Le loup en slip', '2505067201', 'Un spin-off des Vieux Fourneaux : le théâtre du Loup en slip prend vie ! Avec Wilfrid Lupano au scénario et l''illustratrice de livres pour enfants Mayana Itoïz au dessin. Un humour décalé à plusieurs niveaux de lecture, qui ravira les fans des Vieux fourneaux.', 9.99, 3, null, 0, 2, 9);
INSERT INTO book (idBook, titleBook, ISBN, summary, price, nbStock, personnalizedWord, trends, idCategory, idPublisher) VALUES (9, 'Les trois brigands', '2211058515', 'Il était une fois trois vilains brigands... dont la vie changea totalement le jour où ils rencontrèrent Tiffany, la petite orpheline. De trois méchants elle en fit ...des bienfaiteurs de l''humanité.', 5, 4, 'Un classique paru pour la première fois en 1968 et toujours autant d’actualité. Une histoire à la lecture accessible et au message toujours autant d’actualité : tout le monde peut s’améliorer.', 1, 2, 4);
INSERT INTO book (idBook, titleBook, ISBN, summary, price, nbStock, personnalizedWord, trends, idCategory, idPublisher) VALUES (10, 'Max et Lili - Tome 115 : Max et Lili ont du mal à se concentrer', '288480756X', 'Max est agité, distrait, et se sent nul en classe. Lili est obsédée par Hugo et Valentine... Le nouveau prof de sport va-t-il leur apprendre à maîtriser leur corps, leurs pensées et leurs émotions ? Ce livre de Max et Lili parle de la difficulté de concentration du cerveau. Est-ce que ça vient d''un stress en famille ou à l''école ? de l''ennui ? du bruit ? des écrans ? de trop de sucré ou de pas assez de sommeil ? Une histoire pour comprendre que si on n''y arrive pas, ce n''est pas forcément de la mauvaise volonté ! Grâce à la méditation, on peut choisir de résister aux pièges de la distraction. Et être calme et organisé, c''est peut-être moins fatigant que d''être éparpillé... !', 5.5, 5, 'Un incontournable ! Idéal pour les enfants qui débutent la lecture et divertissant pour les lecteurs avertis. ', 1, 2, 8);
INSERT INTO book (idBook, titleBook, ISBN, summary, price, nbStock, personnalizedWord, trends, idCategory, idPublisher) VALUES (11, 'Tom-Tom et Nana - Subliiiiimes ! Tomes 32 : Tom-Tom et Nana', '2747076652', 'En 9 histoires, les inépuisables bêtises du frère et de la sœur, duo infernal.', 9.95, 6, null, 0, 2, 7);
INSERT INTO book (idBook, titleBook, ISBN, summary, price, nbStock, personnalizedWord, trends, idCategory, idPublisher) VALUES (12, 'La belle lisse poire du Prince de Motordu', '2070629872', 'Le prince de Motordu habite un magnifique chapeau. Un jour, il rencontre la princesse Dézécolle qui est institutrice et l''invite dans sa classe pour remettre le langage à l''endroit.', 4.9, 0, 'Un classique pour apprendre à maitriser la lecture et passer à un niveau supérieur, avec des jeux de mots très bien illustrés. Un bon moment pour petits et grands à la lecture !', 1, 2, 5);
INSERT INTO book (idBook, titleBook, ISBN, summary, price, nbStock, personnalizedWord, trends, idCategory, idPublisher) VALUES (13, 'Les chroniques de Spiderwich - Tome 01 : Le livre magique', '2266138456', 'Si vous croyez que pour avoir vu le film de Mark Waters sorti en 2008 vous savez tout sur les aventures des enfants Grace dans leur nouvelle et inquiétante maison, vous allez (encore) être surpris. Ce beau petit livre aux allures de grimoire (ne parlons pas de malheur !) reprend dans le détail cette étrange affaire de trolls, de gobelins, de griffons, de lutins, d''ogres en colère et d''autres créatures fantastiques sorties des ténèbres. Le premier volume d''une série magique !', 3.59, 2, null, 0, 2, 6);
INSERT INTO book (idBook, titleBook, ISBN, summary, price, nbStock, personnalizedWord, trends, idCategory, idPublisher) VALUES (14, 'Harry Potter - Tome 1 : Harry Potter à l''école des sorciers', '2070584623', 'Le jour de ses onze ans, Harry Potter, un orphelin élevé par un oncle et une tante qui le détestent, voit son existence bouleversée. Un géant vient le chercher pour l''emmener à Poudlard, une école de sorcellerie !
Voler en balai, jeter des sorts, combattre les trolls : Harry Potter se révèle un sorcier doué. Mais un mystère entoure sa naissance et l''effroyable V..., le mage dont personne n''ose prononcer le nom.', 8.5, 5, null, 0, 3, 5);
INSERT INTO book (idBook, titleBook, ISBN, summary, price, nbStock, personnalizedWord, trends, idCategory, idPublisher) VALUES (15, 'Harry Potter - Tome 2 : Harry Potter et la chambre des secrets', '20705846X', 'Une rentrée fracassante en voiture volante, une étrange malédiction qui s''abat sur les élèves, cette deuxième année à l''école des sorciers ne s''annonce pas de tout repos ! Entre les cours de potions magiques, les matches de Quidditch et les combats de mauvais sorts, Harry et ses amis Ron et Hermione trouveront-ils le temps de percer le mystère de la Chambre des Secrets ?
Le deuxième volume des aventures de Harry Potter : un livre magique pour sorciers confirmés.', 8.5, 8, null, 0, 3, 5);
INSERT INTO book (idBook, titleBook, ISBN, summary, price, nbStock, personnalizedWord, trends, idCategory, idPublisher) VALUES (16, 'Harry Potter - Tome 3 : Harry Potter et le prisonnier d''Azkaban', '2070584925', 'Sirius Black, le dangereux criminel qui s’est échappé de la forteresse d’Azkaban, recherche Harry Potter. C’est donc sous bonne garde que l’apprenti sorcier fait sa troisième rentée. Au programme : des cours de divination, la fabrication d’une potion de Ratattinage, le dressage des hippogriffes… Mais Harry est-il vraiment à l’abris du danger qui le menace ?', 8.9, 9, null, 0, 3, 5);
INSERT INTO book (idBook, titleBook, ISBN, summary, price, nbStock, personnalizedWord, trends, idCategory, idPublisher) VALUES (17, 'Harry Potter - Tome 4 : Harry Potter et la coupe de feu', '2070585204', 'Harry Potter a quatorze ans et entre en quatrième année au collège de Poudlard. Une grande nouvelle attend Harry, Ron et Hermione à leur arrivée : la tenue d’un tournoi de magie exceptionnel entre les plus célèbres écoles de sorcellerie. Déjà les délégations étrangères font leur entrée. Harry se réjouit… Trop vite. Il va se trouver plongé au cœur des événements les plus dramatiques qu’il ait jamais eu à affronter.', 13.5, 8, null, 0, 3, 5);
INSERT INTO book (idBook, titleBook, ISBN, summary, price, nbStock, personnalizedWord, trends, idCategory, idPublisher) VALUES (18, 'Harry Potter - Tome 5 : Harry Potter et l''Ordre du Phénix', '2070585212', 'A quinze ans, Harry entre en cinquième année à Poudlard, mais il n’a jamais été si anxieux. L’adolescence, la perspective des examens et ces étranges cauchemars… Car Celui-Dont-On-Ne-Doit-Pas-Prononcer-Le-Nom est de retour. Le ministère de la Magie semble ne pas prendre cette menace au sérieux, contrairement à Dumbledor. La résistance s’organise alors autour de Harry qui va devoir compter sur le courage et la fidélité de ses amis de toujours…', 14.9, 4, null, 0, 3, 5);
INSERT INTO book (idBook, titleBook, ISBN, summary, price, nbStock, personnalizedWord, trends, idCategory, idPublisher) VALUES (19, 'Harry Potter - Tome 6 : Harry Potter et le prince de sang-mêlé', '2070585229', 'Dans un monde de plus en plus inquiétant, Harry se prépare à retrouver Ron et Hermione. Bientôt, ce sera la rentrée à Poudlard, avec les autres étudiants de sixième année. Mais pourquoi Dumbledore vient-il en personne chercher Harry chez les Dursley ? Dans quels extraordinaires voyages au cœur de la mémoire va-t-il l’entraîner ?', 13.5, 4, null, 0, 3, 5);
INSERT INTO book (idBook, titleBook, ISBN, summary, price, nbStock, personnalizedWord, trends, idCategory, idPublisher) VALUES (20, 'Harry Potter - Tome 7 : Harry Potter et les reliques de la mort', '2070585239', 'Cette année, Harry a dix-sept ans et ne retourne pas à Poudlard. Avec Ron et Hermione, il se consacre à la dernière mission confiée par Dumbledore. Mais le Seigneur des Ténèbres règne en maître. Traqués, les trois fidèles amis sont contraints à la clandestinité. D’épreuves en révélations, le courage, les choix et les sacrifices de Harry seront déterminants dans la lutte contre les forces du Mal.', 13.5, 5, null, 0, 3, 5);
INSERT INTO book (idBook, titleBook, ISBN, summary, price, nbStock, personnalizedWord, trends, idCategory, idPublisher) VALUES (21, 'Les animaux fantastique - le texte du film', '207508405X', 'J. K. Rowling, créatrice de la mythique saga Harry Potter, nous invite à découvrir une nouvelle ère du Monde des Sorciers, au côté du jeune explorateur et magizoologiste Norbert Dragonneau. Revivez le film écrit par J. K. Rowling avec le texte original de l''auteur : l''intégrale des dialogues, mais aussi l''action, le jeu des personnages, les descriptions des décors, les mouvements de la caméra. Une aventure épique et fabuleuse, une grande histoire de magie et d''amitié.', 21, 7, null, 0, 3, 5);

INSERT INTO written (idAuthor, idBook) VALUES (1, 1);
INSERT INTO written (idAuthor, idBook) VALUES (2, 2);
INSERT INTO written (idAuthor, idBook) VALUES (3, 2);
INSERT INTO written (idAuthor, idBook) VALUES (4, 3);
INSERT INTO written (idAuthor, idBook) VALUES (5, 9);
INSERT INTO written (idAuthor, idBook) VALUES (6, 5);
INSERT INTO written (idAuthor, idBook) VALUES (6, 6);
INSERT INTO written (idAuthor, idBook) VALUES (6, 7);
INSERT INTO written (idAuthor, idBook) VALUES (8, 8);
INSERT INTO written (idAuthor, idBook) VALUES (9, 10);
INSERT INTO written (idAuthor, idBook) VALUES (10, 10);
INSERT INTO written (idAuthor, idBook) VALUES (11, 11);
INSERT INTO written (idAuthor, idBook) VALUES (12, 11);
INSERT INTO written (idAuthor, idBook) VALUES (13, 12);
INSERT INTO written (idAuthor, idBook) VALUES (14, 13);
INSERT INTO written (idAuthor, idBook) VALUES (15, 13);
INSERT INTO written (idAuthor, idBook) VALUES (16, 14);
INSERT INTO written (idAuthor, idBook) VALUES (16, 15);
INSERT INTO written (idAuthor, idBook) VALUES (16, 16);
INSERT INTO written (idAuthor, idBook) VALUES (16, 17);
INSERT INTO written (idAuthor, idBook) VALUES (16, 18);
INSERT INTO written (idAuthor, idBook) VALUES (16, 19);
INSERT INTO written (idAuthor, idBook) VALUES (16, 20);
INSERT INTO written (idAuthor, idBook) VALUES (16, 21);
INSERT INTO written (idAuthor, idBook) VALUES (17, 4);
